1905-01-02	565	 tons cotton
1905-01-02	866	 tons cotton
1905-01-02	049	 bags oil
1905-01-02	15	 cases gum
1905-01-02	162	 cases eggs
1905-01-02	160	 cases eggs
1905-01-02	36	 cases eggs
1905-01-02	50	 cases eggs
1905-01-02	2	 cases cigarettes
1905-01-02	1	 case carpets
1905-01-02	1	 case sample
1905-01-02	1	 case furniture
1905-01-02	9	 packages effects
1905-01-02	3	 bales wool
1905-01-02	1	 bag wool
1905-01-02	660	 bags rice
1905-01-02	60	 bags henna
1905-01-02	125	 bags sugar
1905-01-02	60	 bags Sudan
1905-01-02	61	 bags raisins
1905-01-02	562	 packages vegetables
1905-01-02	41	 packages empty
1905-01-02	40	 packages sundries
1905-01-02	238	 tons cotton
1905-01-02	600	 bags oil
1905-01-02	137	 cases eggs
1905-01-02	60	 cases eggs
1905-01-02	61	 cases eggs
1905-01-02	539	 cases oranges
1905-01-02	5	 packages sundries
1905-01-02	64	 sacs riz
1905-01-02	332	 colis l
1905-01-02	106	 colis dattes
1905-01-02	5	 colis gomme
1905-01-02	765	 bags sugar
1905-01-02	39	 bags flour
1905-01-02	135	 bags Sudan
1905-01-02	3	 bags gall
1905-01-02	93	 packages coffee
1905-01-02	13	 bags rice
1905-01-02	7	 bags beans
1905-01-02	32	 packages skins
1905-01-02	66	 packages mats
1905-01-02	857	 packages sundries
1905-01-02	260	 tons cotton
1905-01-02	200	 tons beans
1905-01-02	420	 bags oil
1905-01-02	64	 bags gum
1905-01-02	1	 case cigarettes
1905-01-02	103	 bales rags
1905-01-02	5	 packages sundries
1905-01-02	200	 cases eggs
1905-01-02	90	 cases eggs
1905-01-02	338	 cases eggs
1905-01-02	228	 cases eggs
1905-01-02	399	 tons cotton
1905-01-02	416	 bags sugar
1905-01-02	134	 bags gum
1905-01-02	109	 bales rags
1905-01-02	2	 cases pictures
1905-01-02	8	 sundry packages
1905-01-02	790	 sacs riz
1905-01-02	500	 sacs sucre
1905-01-02	24	 sacs f
1905-01-02	151	 sacs f
1905-01-02	85	 balles peaux
1905-01-02	391	 barils vides
1905-01-02	54	 colis divers
1905-01-02	200	 barrels molasses
1905-01-02	022	 bags onions
1905-01-02	960	 sacs riz
1905-01-02	84	 sacs f
1905-01-02	2625	 bags rice
1905-01-02	175	 bags sugar
1905-01-02	10	 bags beans
1905-01-02	10	 bags lentils
1905-01-02	40	 packages sundries
1905-02-21	049	 sacs riz
1905-02-21	410	 sacs sucre
1905-02-21	100	 sacs oignons
1905-02-21	22	 sacs henn
1905-02-21	137	 balls peaux
1905-02-21	31	 colis l
1905-02-21	500	 colis divers
1905-02-22	144	 balles tabac
1905-02-22	1	 lot tuiles
1905-02-22	100	 balles papier
1905-02-22	5	 barils fromage
1905-02-22	75	 colis divers
1905-02-22	10	 sacs graines
1905-02-22	173	 cages tomates
1905-02-22	150	 cages tomates
1905-02-22	199	 sacs riz
1905-02-22	210	 sacs graines
1905-02-22	46	 colis divers
1905-02-22	50	 bales coton
1905-02-22	125	 sacs gomme
1905-02-22	35	 sacs henn
1905-02-22	5	 colis divers
1905-02-22	138	 cages tomates
1905-02-22	122	 colis l
1905-02-22	4	 colis divers
1905-02-22	1	 case cigarettes
1905-02-22	2	 trunks effects
1905-02-22	250	 empty casks
1905-02-23	144	 balles tabac
1905-02-23	1	 lot tuiles
1905-02-23	100	 balles papier
1905-02-23	5	 barils fromage
1905-02-23	75	 colis divers
1905-02-23	10	 sacs graines
1905-02-23	173	 cages tomates
1905-02-23	150	 cages tomates
1905-02-23	199	 sacs riz
1905-02-23	210	 sacs graines
1905-02-23	46	 colis divers
1905-02-23	50	 bales coton
1905-02-23	125	 sacs gomme
1905-02-23	35	 sacs henn
1905-02-23	5	 colis divers
1905-02-23	138	 cages tomates
1905-02-23	122	 colis l
1905-02-23	4	 colis divers
1905-02-23	1	 case cigarettes
1905-02-23	2	 trunks effects
1905-02-23	250	 empty casks
1905-02-24	144	 balles tabac
1905-02-24	1	 lot tuiles
1905-02-24	100	 balles papier
1905-02-24	5	 barils fromage
1905-02-24	75	 colis divers
1905-02-24	10	 sacs graines
1905-02-24	173	 cages tomates
1905-02-24	150	 cages tomates
1905-02-24	199	 sacs riz
1905-02-24	210	 sacs graines
1905-02-24	46	 colis divers
1905-02-24	50	 bales coton
1905-02-24	125	 sacs gomme
1905-02-24	35	 sacs henn
1905-02-24	5	 colis divers
1905-02-24	138	 cages tomates
1905-02-24	122	 colis l
1905-02-24	4	 colis divers
1905-02-24	1	 case cigarettes
1905-02-24	2	 trunks effects
1905-02-24	250	 empty casks
1905-02-25	144	 balles tabac
1905-02-25	1	 lot tuiles
1905-02-25	100	 balles papier
1905-02-25	5	 barils fromage
1905-02-25	75	 colis divers
1905-02-25	10	 sacs graines
1905-02-25	173	 cages tomates
1905-02-25	150	 cages tomates
1905-02-25	199	 sacs riz
1905-02-25	210	 sacs graines
1905-02-25	46	 colis divers
1905-02-25	50	 bales coton
1905-02-25	125	 sacs gomme
1905-02-25	35	 sacs henn
1905-02-25	5	 colis divers
1905-02-25	138	 cages tomates
1905-02-25	122	 colis l
1905-02-25	4	 colis divers
1905-02-25	1	 case cigarettes
1905-02-25	2	 trunks effects
1905-02-25	250	 empty casks
1905-02-27	108	 bags rice
1905-02-27	294	 bags sugar
1905-02-27	20	 bags Sudan
1905-02-27	11	 bags beans
1905-02-27	80	 packages mats
1905-02-27	45	 packages vegetables
1905-02-27	109	 packages tabacco
1905-02-27	054	 packages sundries
1905-02-27	728	 bags rice
1905-02-27	107	 bags henna
1905-02-27	514	 packages vegetables
1905-02-27	171	 sacs riz
1905-02-27	80	 barils vides
1905-02-27	363	 balles peaux
1905-02-27	15	 colis sacs
1905-02-27	300	 sacs gomme
1905-02-27	90	 colis tomates
1905-02-27	111	 colis tomates
1905-02-27	4	 colis divers
1905-02-27	129	 cages tomates
1905-02-27	20	 balles gomme
1905-02-28	51	 cages tomates
1905-02-28	200	 cages tomates
1905-02-28	39	 cais oeufs
1905-02-28	393	 cages tomates
1905-02-28	25	 colis divers
1905-02-28	97	 balles coton
1905-02-28	403	 balles coton
1905-02-28	50	 balles coton
1905-02-28	150	 sacs riz
1905-02-28	25	 sacs feves
1905-02-28	76	 cages tomates
1905-02-28	173	 barils vides
1905-02-28	510	 barils vides
1905-02-28	84	 colis gomme
1905-02-28	135	 cages tomates
1905-02-28	150	 cages tomates
1905-02-28	153	 cages tomates
1905-02-28	21	 balles peaux
1905-02-28	34	 cages tomates
1905-02-28	20	 cages tomates
1905-02-28	21	 barils poisson
1905-02-28	264	 sacs oignons
1905-02-28	98	 colis divers
1905-02-28	32	 balles coton
1905-02-28	990	 balles coton
1905-03-01	170	 bales cotton
1905-03-01	667	 bales coton
1905-03-01	100	 cases egg
1905-03-01	459	 cases and
1905-03-01	10	 packages sundries
1905-03-01	260	 bags sugar
1905-03-01	205	 bags rice
1905-03-01	40	 bags Sudan
1905-03-01	200	 bags natron
1905-03-01	62	 bags coffee
1905-03-01	126	 packages tabacco
1905-03-01	33	 package mats
1905-03-01	59	 packages vegatables
1905-03-01	326	 quarters beans
1905-03-01	302	 tons cotton
1905-03-01	369	 bags oil
1905-03-01	50	 cases eggs
1905-03-01	4	 bales yarn
1905-03-01	220	 balles coton
1905-03-01	279	 balles coton
1905-03-01	210	 balles coton
1905-03-01	130	 balles coton
1905-03-01	150	 balles coton
1905-03-01	118	 balles coton
1905-03-01	135	 balles coton
1905-03-01	115	 balles coton
1905-03-01	190	 balles coton
1905-03-01	70	 balles coton
1905-03-01	32	 balles coton
1905-03-01	25	 balles coton
1905-03-01	8	 balles coton
1905-03-01	682	 balles coton
1905-03-01	5	 sacs gomme
1905-03-01	6	 colis divers
1905-03-01	355	 tonnes feves
1905-03-01	12	 ballots sacs
1905-03-02	30	 cages tomates
1905-03-02	4	 colis divers
1905-03-02	20	 balles coton
1905-03-02	100	 balles coton
1905-03-02	24	 cages tomates
1905-03-02	1	 cais fromage
1905-03-02	23	 colis divers
1905-03-02	10	 sacs gomme
1905-03-02	15	 sacs gomme
1905-03-02	100	 sacs oignons
1905-03-02	40	 cages tomates
1905-03-02	3	 colis divers
1905-03-02	140	 balles coton
1905-03-02	874	 balles coton
1905-03-02	021	 bags sugar
1905-03-02	470	 tons beans
1905-03-02	10	 bales cotton
1905-03-02	574	 bales cotton
1905-03-02	320	 kilos cotton
1905-03-02	000	 kilos cotton
1905-03-03	234	 colis legumes
1905-03-03	200	 balles coton
1905-03-03	455	 balles coton
1905-03-03	111	 tons cotton
1905-03-03	121	 sacs riz
1905-03-03	20	 sacs feves
1905-03-03	93	 barils vides
1905-03-03	6	 colis peaux
1905-03-03	535	 sacs riz
1905-03-03	110	 barils vides
1905-03-03	168	 colis peaux
1905-03-03	22	 barils vides
1905-03-03	4	 colis sacs
1905-03-03	253	 tons cotton
1905-03-03	654	 tons cotton
1905-03-03	409	 bags oil
1905-03-08	4	 colis divrs
1905-03-08	39	 colis acier
1905-03-08	13	 colis l
1905-03-08	31	 balles tabac
1905-03-08	28	 colis divrs
1905-03-08	212	 colis zinc
1905-03-08	50	 cages tomates
1905-03-08	50	 cages tomates
1905-03-08	70	 colis sacs
1905-03-08	50	 cages tomates
1905-03-08	32	 balles gomme
1905-03-08	200	 sacs cignons
1905-03-08	220	 cages tomates
1905-03-08	438	 cages tomates
1905-03-08	320	 cages tomates
1905-03-08	949	 sacs cignons
1905-03-08	150	 cages tomates
1905-03-08	57	 colis divers
1905-03-08	45	 balles coton
1905-03-08	643	 balles of
1905-03-08	35	 sacs henn
1905-03-08	98	 sacs hnn
1905-03-08	2	 colis provisions
1905-03-08	67	 balles coton
1905-03-08	117	 balles coton
1905-03-08	1374	 tons cotton
1905-03-08	275	 sacs riz
1905-03-08	50	 sacs pl
1905-03-08	25	 barils cognac
1905-03-08	14	 colis nattes
1905-03-08	210	 colis l
1905-03-08	17	 colis divers
1905-03-08	100	 balles coton
1905-03-08	425	 balles Coton
1905-03-09	4	 colis divrs
1905-03-09	39	 colis acier
1905-03-09	13	 colis l
1905-03-09	31	 balles tabac
1905-03-09	28	 colis divrs
1905-03-09	212	 colis zinc
1905-03-09	50	 cages tomates
1905-03-09	50	 cages tomates
1905-03-09	70	 colis sacs
1905-03-09	50	 cages tomates
1905-03-09	32	 balles gomme
1905-03-09	200	 sacs cignons
1905-03-09	220	 cages tomates
1905-03-09	438	 cages tomates
1905-03-09	320	 cages tomates
1905-03-09	949	 sacs cignons
1905-03-09	150	 cages tomates
1905-03-09	57	 colis divers
1905-03-09	45	 balles coton
1905-03-09	643	 balles of
1905-03-09	35	 sacs henn
1905-03-09	98	 sacs hnn
1905-03-09	2	 colis provisions
1905-03-09	67	 balles coton
1905-03-09	117	 balles coton
1905-03-09	1374	 tons cotton
1905-03-09	275	 sacs riz
1905-03-09	50	 sacs pl
1905-03-09	25	 barils cognac
1905-03-09	14	 colis nattes
1905-03-09	210	 colis l
1905-03-09	17	 colis divers
1905-03-09	100	 balles coton
1905-03-09	425	 balles Coton
1905-03-10	599	 tons cotton
1905-03-10	2002	 quarters beans
1905-03-10	2134	 bags oil
1905-03-10	50	 bales cotton
1905-03-10	386	 bales cotton
1905-03-10	105	 barils vides
1905-03-10	4	 cais cigarettes
1905-03-10	47	 sacs farine
1905-03-10	8	 colis divers
1905-03-10	125	 balles coton
1905-03-10	200	 balles coton
1905-03-10	750	 sacs riz
1905-03-10	59	 barils vides
1905-03-10	52	 colis peaux
1905-03-10	31	 colis sacs
1905-03-10	11	 colis divers
1905-03-10	500	 colis divers
1905-03-10	910	 sacs riz
1905-03-10	245	 sacs sucre
1905-03-10	30	 sacs caf
1905-03-10	303	 barila vides
1905-03-10	15	 colis divers
1905-03-10	100	 sacs riz
1905-03-10	58	 sacs henn
1905-03-10	75	 barils vides
1905-03-10	30	 colis l
1905-03-10	46	 colis divers
1905-04-26	859	 bales cotton
1905-04-26	787	 bags onions
1905-04-26	9	 th April
1905-04-26	100	 bales ootton
1905-04-26	838	 bales ootton
1905-04-26	700	 bags onions
1905-05-03	049	 sacs riz
1905-05-03	410	 sacs sucre
1905-05-03	100	 sacs oignons
1905-05-03	22	 sacs henn
1905-05-03	137	 balls peaux
1905-05-03	31	 colis l
1905-05-03	500	 colis divers
1905-05-17	10	 balles peaux
1905-05-17	20	 balles peausserie
1905-05-17	1	 0 barils
1905-05-17	175	 cages tomates
1905-05-17	23	 colis divers
1905-05-17	230	 sacs riz
1905-05-17	198	 sacs oignons
1905-05-17	18	 sacs heune
1905-05-17	20	 tonnes asphalte
1905-05-17	53	 colis divers
1905-05-17	723	 balles coton
1905-05-17	9	 balles seune
1905-05-17	8	 sacs oire
1905-05-17	29	 cais gomme
1905-05-17	8	 bailes senne
1905-05-17	6	 balles senne
1905-05-17	17	 balles peaux
1905-05-17	228	 eages tomates
1905-05-17	102	 cages tomates
1905-05-17	50	 barils stearine
1905-05-17	105	 cages tomates
1905-05-17	11	 barils poisson
1905-05-17	7	 cais cigarettes
1905-05-17	70	 colis divers
1905-05-18	823	 bags rioe
1905-05-18	572	 bags onions
1905-05-18	205	 bags hennavJ
1905-05-18	112	 packages tomatos
1905-05-18	16	 packager empty
1905-05-18	10	 mai Divrrs
1905-05-18	163	 barils vides
1905-05-18	95	 coli peaux
1905-05-18	86	 colis divers
1905-05-18	200	 sacs farine
1905-05-18	25	 sacs riz
1905-05-18	20	 sacs caffi
1905-05-18	15	 oolis faos
1905-05-18	400	 oolis tabao
1905-05-18	11	 colis veirerie
1905-05-18	365	 sacs snore
1905-05-18	88	 sacs ri
1905-05-18	114	 colis tomates
1905-05-18	29	 colis peaux
1905-05-18	10	 oolis divers
1905-05-18	57	 barils vides
1905-05-18	63	 colis couffins
1905-05-19	2383	 bales cotton
1905-05-19	2000	 quarters beans
1905-05-19	730	 bags oil
1905-05-19	22	 bags horns
1905-05-19	27	 bales skins
1905-05-19	48	 bales wool
1905-05-19	10	 bales wool
1905-05-19	27	 bales skins
1905-05-19	4	 bales wool
1905-05-19	10	 bales wool
1905-05-19	745	 empty casks
1905-05-19	32	 sundry packages
1905-05-19	23	 packages ivory
1905-05-19	35	 sundry packages
1905-05-19	12170	 sacs oignons
1905-05-19	832	 sacs riz
1905-05-19	1352	 colis tomates
1905-05-19	30	 colis gomme
1905-05-19	26	 colis divers
1905-05-19	1303	 balles coton
1905-05-31	15	 colis divers
1905-05-31	50	 balles coton
1905-05-31	110	 balles coton
1905-05-31	6	 colis druguerie
1905-05-31	579	 bales cotton
1905-05-31	561	 bales cotton
1905-05-31	309	 bags onions
1905-05-31	200	 tonnes feves
1905-05-31	000	 sacs riz
1905-05-31	450	 sacs feves
1905-05-31	20	 colis peaux
1905-05-31	8	 colis divers
1905-05-31	15	 balles peaux
1905-05-31	183	 barils vides
1905-05-31	381	 barils vides
1905-05-31	530	 barils vides
1905-05-31	209	 cages tomates
1905-05-31	5	 colis divers
1905-05-31	273	 bags onions
1905-05-31	873	 bags rice
1905-05-31	25	 bags flour
1905-05-31	151	 packages sundries
1905-05-31	502	 tons cotton
1905-05-31	285	 bags onions
1905-05-31	40	 bales hide
1905-05-31	300	 sacs gomme
1905-05-31	381	 cages tomates
1905-05-31	50	 sacs feves
1905-05-31	30	 fardes gomme
1905-05-31	30	 colis divers
1905-05-31	25	 balles coton
1905-05-31	769	 balles coton
1905-05-31	590	 tons cot
1905-05-31	32	 balles coton
1905-05-31	707	 sacs oignons
1905-05-31	10	 balles senne
1905-05-31	8	 balles peaux
1905-05-31	18	 balles peausserie
1905-05-31	138	 cages tomates
1905-05-31	15	 sacs gomme
1905-05-31	20	 futs fer
1905-05-31	19	 balles peaux
1905-05-31	163	 cages tomates
1905-05-31	21	 balles gomme
1905-05-31	313	 barils vides
1905-05-31	128	 cages tomates
1905-05-31	8	 balles peaux
1905-05-31	218	 barils vides
1905-05-31	810	 barils vides
1905-05-31	7	 barils poisson
1905-05-31	229	 cages tomates
1905-05-31	52	 colis divers
1905-06-01	480	 sacs riz
1905-06-01	407	 sacs sucre
1905-06-01	220	 sacs oignons
1905-06-01	10	 sacs feves
1905-06-01	399	 barils vides
1905-06-01	106	 pieces bois
1905-06-01	40	 colis peaux
1905-06-01	12	 colis divers
1905-06-01	100	 balles coton
1905-06-01	500	 balles coton
1905-06-01	200	 balles coton
1905-06-01	16	 colis peaux
1905-06-01	24	 barils vieux
1905-06-01	33	 colis sacs
1905-06-01	300	 sacs feves
1905-06-01	27	 colis divers
1905-06-01	160	 balles coton
1905-06-01	562	 balles coton
1905-06-01	50	 balles coton
1905-06-01	75	 balles coton
1905-06-01	50	 balles coton
1905-06-01	90	 balles coton
1905-06-01	41	 barils melasse
1905-06-01	15	 colis divers
1905-06-30	195	 sacs rir
1905-06-30	252	 oolis temstei
1905-06-30	70	 blles 00toil
1905-06-30	517	 balos ootton
1905-06-30	100	 bales senna
1905-06-30	754	 bags bones
1905-06-30	305	 bags grain
1905-06-30	63	 bags boms
1905-06-30	000	 begs sugar
1905-06-30	055	 bags oil
1905-06-30	8	 bags buttons
1905-06-30	17	 bags gum
1905-06-30	10	 oolis provisions
1905-06-30	40	 oolis divers
1905-06-30	90	 sacs fix
1905-06-30	38	 barils Tides
1905-07-12	20	 fardes gomme
1905-07-12	10	 fardes gomme
1905-07-12	4	 colis divers
1905-07-12	10	 balles peaux
1905-07-12	130	 balles li
1905-07-12	50	 ballots sacs
1905-07-12	7	 ballots sacs
1905-07-12	28	 colis divers
1905-07-12	000	 kilos cotton
1905-07-12	000	 kilos saidi
1905-07-12	000	 kilos saidi
1905-08-03	173	 paniers fruits
1905-08-03	30	 colis divers
1905-08-03	294	 sacs sucre
1905-08-03	6	 colis pistaches
1905-08-03	14	 barils cendre
1905-08-03	2	 barils laiton
1905-08-03	7	 barils zinc
1905-08-03	12	 colis bronze
1905-08-03	97	 colis vieux
1905-08-03	27	 colis divers
1905-08-03	6	 sacs gomme
1905-08-03	100	 balles coton
1905-08-04	200	 bales cotton
1905-08-04	1323	 bags rice
1905-08-04	100	 bags flour
1905-08-04	350	 packages tombac
1905-08-04	54	 packages skins
1905-08-04	120	 packages coffee
1905-08-04	222	 packages sundries
1905-08-04	316	 bags dari
1905-08-04	375	 bags beans
1905-08-04	200	 bags maize
1905-08-04	000	 bags sugaar
1905-08-04	120	 bales gum
1905-08-04	27	 bales ivory
1905-08-04	31	 bales ivory
1905-08-04	935	 packages stores
1905-08-04	161	 cases empty
1905-08-04	1490	 bags rice
1905-08-04	780	 bags sugar
1905-08-04	50	 packages sundries
1905-08-04	485	 bags cereals
1905-08-04	13	 cases cigarettes
1905-08-04	46	 bags gum
1905-08-04	70	 bags senna
1905-08-04	116	 bales wool
1905-08-04	195	 bags bones
1905-08-04	158	 bags bones
1905-08-04	10	 bags horns
1905-08-04	345	 bags rags
1905-08-04	230	 empty casks
1905-08-04	1348	 bags bones
1905-08-04	300	 empty casks
1905-08-04	72	 packages sundries
1905-08-16	133	 colis divers
1905-08-16	182	 bags rice
1905-08-16	206	 packages henna
1905-08-16	8	 packages skins
1905-08-16	145	 bales wool
1905-08-16	50	 bales wool
1905-08-16	125	 bags oil
1905-08-16	8	 bales wool
1905-08-16	129	 bales wool
1905-08-16	100	 tons cotton
1905-08-16	55	 bales senna
1905-08-16	40	 bags gum
1905-08-16	35	 packages sundries
1905-08-16	20	 colis curcuma
1905-08-16	6	 balles manufacture
1905-08-16	100	 sacs sucre
1905-08-16	11	 colis vieux
1905-08-16	110	 bailey papier
1905-08-16	200	 sacs sucre
1905-08-16	30	 colia divers
1905-08-16	7	 colis divers
1905-08-16	507	 pains zinc
1905-08-16	12	 cais cigarettes
1905-08-16	10	 cais mastic
1905-08-16	30	 balles gomme
1905-08-16	75	 balles rognures
1905-08-16	27	 sacs lentilles
1905-08-16	5	 cais mecaniques
1905-08-16	32	 colis divers
1905-08-16	25	 sacs sucre
1905-08-16	28	 sacs henne
1905-08-16	25	 colis divers
1905-08-16	13	 sacs drogues
1905-08-16	220	 barils vides
1905-08-16	10	 balles peaux
1905-08-16	210	 barils vides
1905-08-16	134	 barils vides
1905-08-16	12	 balles peaux
1905-08-16	14	 balles cire
1905-08-16	11	 sacs gomme
1905-08-16	11	 barils poisson
1905-08-16	329	 barils videa
1905-08-16	47	 colis divers
1905-08-16	200	 bags rice
1905-08-16	20	 bags soap
1905-08-16	10	 bags cotton
1905-08-16	14	 cases cigarettes
1905-08-16	64	 packages tobacco
1905-08-16	25	 packages coffee
1905-08-16	20	 packages lemons
1905-08-16	830	 packages sundries
1905-08-16	212	 colis divers
1905-08-18	550	 sacs riz
1905-08-18	100	 bags cotton
1905-08-18	182	 bags rice
1905-08-18	206	 packages henna
1905-08-18	14	 packages sundries
1905-08-18	145	 bales wool
1905-08-18	50	 bales wool
1905-08-18	125	 bags oil
1905-08-18	8	 bales wool
1905-08-18	129	 bales wool
1905-08-18	100	 tons cotton
1905-08-18	55	 bales senna
1905-08-18	40	 bags gum
1905-08-18	35	 packages sundries
1905-08-18	20	 colis curcuma
1905-08-18	6	 balles manufacture
1905-08-18	100	 sacs sucre
1905-08-18	11	 colis vieux
1905-08-18	110	 bailey papier
1905-08-18	200	 sacs sucre
1905-08-18	30	 colia divers
1905-08-18	7	 colis divers
1905-08-18	507	 pains zinc
1905-08-18	12	 cais cigarettes
1905-08-18	10	 cais mastic
1905-08-18	30	 balles gomme
1905-08-18	75	 balles rognures
1905-08-18	27	 sacs lentilles
1905-08-18	5	 cais mecaniques
1905-08-18	32	 colis divers
1905-08-18	25	 sacs sucre
1905-08-18	28	 sacs henne
1905-08-18	25	 colis divers
1905-08-18	13	 sacs drogues
1905-08-18	220	 barils vides
1905-08-18	10	 balles peaux
1905-08-18	210	 barils vides
1905-08-18	12	 balles peaux
1905-08-18	14	 balles cire
1905-08-18	11	 sacs gomme
1905-08-18	11	 barils poisson
1905-08-18	329	 barils videa
1905-08-18	47	 colis divers
1905-08-18	200	 bags rice
1905-08-18	20	 bags soap
1905-08-18	10	 bags cotton
1905-08-18	38	 package skins
1905-08-18	64	 packages tobacco
1905-08-18	25	 packages coffee
1905-08-18	20	 packages lemons
1905-08-18	830	 packages sundries
1905-08-18	212	 colis divers
1905-08-28	60	 bales hide
1905-08-28	10	 sacs f
1905-08-28	46	 colis vieux
1905-08-28	25	 balles papier
1905-08-28	51	 colis divers
1905-09-01	061	 saos riz
1905-09-01	27	 sacs oignons
1905-09-01	20	 oolis nattes
1905-09-01	835	 saos riz
1905-09-01	142	 barils vides
1905-09-01	40	 oolis saos
1905-09-01	40	 oolis benrre
1905-09-01	39	 oolis divers
1905-09-01	000	 sacs ohanx
1905-09-01	50	 oolis divers
1905-09-01	750	 tons ootton
1905-09-01	550	 bales ootton
1905-09-01	690	 bags rioe
1905-09-01	100	 bags sugar
1905-09-01	194	 packages coffee
1905-09-01	30	 packages mats
1905-09-01	10	 packages henna
1905-09-01	13	 packages skins
1905-09-01	941	 packages sundries
1905-09-01	475	 sacs riz
1905-09-01	15	 barils vides
1905-09-01	2	 oolis divers
1905-09-21	340	 sacs riz
1905-09-21	34	 sacs henne
1905-09-21	12	 sacs feves
1905-09-21	18	 colis peaux
1905-09-21	3	 colis divers
1905-09-21	20	 sacs riz
1905-09-21	7	 balles cuivre
1905-09-21	10	 balles cuir
1905-09-21	300	 sacs sucre
1905-09-21	13	 balles manufactures
1905-09-21	8	 balles cuir
1905-09-21	17	 sacs riz
1905-09-21	28	 colis vieux
1905-09-21	30	 balles papier
1905-09-21	50	 savs sucre
1905-09-21	67	 colis divers
1905-09-21	4	 colis divers
1905-09-21	18	 bags henna
1905-09-21	94	 bags cotton
1905-09-21	30	 bags soap
1905-09-21	16	 packages skins
1905-09-21	285	 packages coffee
1905-09-21	30	 packages mats
1905-09-21	526	 packages sundries
1905-09-21	300	 sac riz
1905-09-21	9	 barils olives
1905-09-21	479	 sacs riz
1905-09-21	47	 barils vides
1905-09-21	10	 colis cuir
1905-09-21	4	 colis henne
1905-09-21	500	 colis divers
1905-09-21	30	 colis provisions
1905-09-21	10	 colis provisions
1905-09-21	21	 colis provisions
1905-09-21	22	 colis provisions
1905-09-21	50	 sacs platre
1905-09-21	200	 barils ciment
1905-09-21	25	 colis ferronnerie
1905-09-21	51	 colis divers
1905-10-18	671	 sacs riz
1905-10-18	61	 sacs coton
1905-10-18	75	 sacs soude
1905-10-18	80	 sacs henn
1905-10-18	30	 Colis zembils
1905-10-18	250	 colis divers
1905-10-18	715	 sacs riz
1905-10-18	14	 colis peaux
1905-10-18	60	 colis Divers
1905-10-18	62	 barils vides
1905-10-18	19	 colis divers
1905-10-18	20	 bales fibre
1905-10-18	130	 bags rice
1905-10-18	358	 bags henna
1905-10-18	31	 balles peaux
1905-10-18	025	 sacs riz
1905-10-18	23	 barils vides
1905-10-18	100	 sacs riz
1905-10-18	73	 tubes vioux
1905-10-18	25	 balles coton
1905-10-18	27	 balles papier
1905-10-18	0	 mes sucre
1905-10-18	35	 colis divers
1905-11-15	631	 bags rice
1905-11-15	23	 bags lentils
1905-11-15	10	 bags Sudan
1905-11-15	0	 packages henus
1905-11-15	50	 packages skins
1905-11-15	25	 casks oil
1905-11-15	054	 bales cotton
1905-11-15	136	 packages gum
1905-11-15	120	 tons maiza
1905-11-15	300	 packages sundries
1905-11-15	122	 bags rice
1905-11-15	307	 bags henna
1905-11-15	10	 bags Sudan
1905-11-15	6	 packages butter
1905-11-15	8	 packages skins
1905-11-15	106	 packages sundries
1905-11-15	000	 bags rice
1905-11-15	987	 tons cot
1905-11-15	691	 bags rice
1905-11-15	68	 bags Sudan
1905-11-15	116	 cases dates
1905-11-15	85	 packages skins
1905-11-15	7	 packages henna
1905-11-15	212	 packages sundries
1905-11-15	100	 bales cotton
1905-11-15	436	 bags Sudan
1905-11-15	24	 bags cotton
1905-11-15	0	 bags potatoes
1905-11-15	273	 bags coffee
1905-11-15	64	 bags henna
1905-11-15	15	 barrels cotton
1905-11-15	69	 barrels beer
1905-11-15	44	 packages mats
1905-11-15	37	 packages empty
1905-11-15	249	 packages sundries
1905-11-17	508	 bales cotton
1905-11-17	9	 cases cigarettes
1905-11-17	20	 packages gum
1905-11-17	22	 bales dry
1905-11-17	192	 cases oranges
1905-11-17	470	 empty casks
1905-11-17	10	 bales henna
1905-11-17	7	 cases cigarettes
1905-11-17	758	 empty casks
1905-11-17	8	 barrels salted
1905-11-17	14	 empty iron
1905-11-17	90	 empty casks
1905-11-17	260	 kilos old
1905-11-17	25	 bales dried
1905-11-17	29	 barrels dry
1905-11-17	36	 bales stuffing
1905-11-17	270	 empty casks
1905-11-17	6	 cases cigarettes
1905-11-17	355	 empty casks
1905-11-17	2	 barrels fresh
1905-11-17	31	 packages sundries
1905-12-01	700	 bags rice
1905-12-01	315	 bags oil
1905-12-01	280	 bags millet
1905-12-01	90	 bags gum
1905-12-01	82	 cases tinned
1905-12-01	29	 packages empty
1905-12-01	10	 packages tobacco
1905-12-01	8	 packages ivory
1905-12-01	10	 packages wax
1905-12-01	39	 packages sundries
1905-12-01	200	 bags rice
1905-12-01	25	 empty casks
1905-12-01	141	 packages dates
1905-12-01	15	 packages gum
1905-12-01	19	 packages sundries
1905-12-01	250	 bags lin
1905-12-01	99	 boxes fruits
1905-12-01	664	 boxes fruits
1905-12-01	25	 bags nuts
1905-12-01	30	 bales rags
1905-12-01	345	 cases eggs
1905-12-01	20	 cases eggs
1905-12-01	26	 packages sundries
1905-12-01	470	 tons cotton
1905-12-01	120	 packages sundries
1905-12-01	50	 bales senna
1905-12-01	100	 bags bones
1905-12-01	62	 bales old
1905-12-01	000	 barrels molasses
1905-12-01	2	 cases cigarettes
1905-12-01	2	 packages sundries
1905-12-01	30	 empty casks
1905-12-01	501	 bags oil
1905-12-13	15	 bags henna
1905-12-13	13	 bags Sudan
1905-12-13	20	 cases dates
1905-12-13	18	 packages sundries
1905-12-13	700	 tons cotton
1905-12-13	3	 cases machinery
1905-12-14	114	 bags rice
1905-12-14	218	 packages sundries
1905-12-14	8	 cases dried
1905-12-15	791	 tons cotton
1905-12-15	86	 barrels beer
1905-12-15	75	 bags peas
1905-12-15	8	 bales manufactures
1905-12-15	4	 packages sundries
1905-12-28	170	 bags rice
1905-12-28	84	 empty casks
1905-12-28	15	 packages leather
1905-12-28	486	 bags rice
1905-12-28	80	 bags Sudan
1905-12-28	200	 bags cement
1905-12-28	25	 packages henna
1905-12-28	35	 packages skins
1905-12-28	47	 packages empty
1905-12-28	024	 bags rice
1905-12-28	24	 bags beans
1905-12-28	19	 bags henna
1905-12-28	60	 packages skins
1905-12-28	652	 empty casks
1905-12-28	221	 packages sundries
1905-12-28	53	 empty casks
1905-12-28	16	 packages sundries
1905-12-28	60	 bales skins
1905-12-28	501	 bags rice
1905-12-28	28	 empty casks
1905-12-28	106	 barrels beer
1905-12-28	9	 bales tobacco
1905-12-28	9	 bags peas
1905-12-28	10	 barrels beer
1905-12-28	4	 packages sundries
1905-12-28	200	 bags rice
1905-12-28	100	 bags cotton
1905-12-28	50	 bags henna
1905-12-28	80	 packages dates
1905-12-28	27	 packages sundries
1905-12-28	773	 tons cotton
1905-12-28	380	 cases eggs
1905-12-28	055	 bags oil
1905-12-28	159	 bales skins
1905-12-28	34	 packages ivory
1905-12-28	41	 packages wax
1905-12-28	60	 barrels brandy
1905-12-28	230	 bags lin
1905-12-28	214	 cases empty
1905-12-28	18	 packages sundries
1905-12-28	500	 tons cotton
1905-12-28	168	 bales cotton
1905-12-28	72	 bales cotton
1905-12-28	199	 bales cotton
1905-12-28	545	 bales cotton
1905-12-28	175	 bales cotton
1905-12-28	627	 bales cotton
1905-12-28	953	 bales cotton
1905-12-28	75	 bales senna
1905-12-28	59	 bales wool
1905-12-28	23	 bales rags
1905-12-28	145	 bales rags
1905-12-28	175	 bags oil
1905-12-28	476	 bags grain
1905-12-28	177	 bags bones
1905-12-28	714	 bags bones
1905-12-28	14	 bags gum
1905-12-28	107	 cases eggs
1905-12-28	000	 tons cotton
1905-12-28	120	 packages sundries
1905-12-28	3	 packages vegetables
1905-12-28	374	 bags almunds
1905-12-28	11	 cases eggs
1905-12-28	111	 bsgs auriferous
1905-12-28	7	 cases mastic
1905-12-28	3	 cases books
1905-12-28	5	 cases cigarettes
1905-12-28	10	 cases eggs
1905-12-28	10	 cases pictures
1905-12-28	000	 bags rice
1905-12-28	39	 packages sundries
1905-12-28	63	 bales cotton
1905-12-28	291	 bales cotton
1905-12-28	31	 bales cotton
1905-12-28	60	 bales cotton
1905-12-28	32	 bales cotton
1905-12-28	100	 bales cotton
1905-12-28	106	 bales cotton
1905-12-28	30	 bales cotton
1905-12-28	267	 bales cotton
1905-12-28	35	 bales cotton
1905-12-28	015	 bales cotton
1905-12-28	30	 bales cotton
1905-12-28	87	 bales cotton
1905-12-28	25	 bales cotton
1905-12-28	350	 cases dates
1905-12-28	2	 cases cotton
1905-12-28	40	 barrels cognac
1905-12-28	30	 bags henna
1905-12-28	15	 bags henna
1906-01-03	50	 bales cotton
1906-01-03	300	 bags natron
1906-01-03	20	 bags rice
1906-01-03	24	 bags cotton
1906-01-03	51	 packages skins
1906-01-03	48	 packages mats
1906-01-03	36	 packages coffee
1906-01-03	700	 bags rice
1906-01-03	45	 empty casks
1906-01-03	20	 packages coffee
1906-01-03	6	 packages henna
1906-01-03	6	 packages sundries
1906-01-03	775	 bags rice
1906-01-03	46	 empty casks
1906-01-03	54	 packages henna
1906-01-03	170	 bags rice
1906-01-03	22	 cases empty
1906-01-03	86	 barrels beer
1906-01-03	26	 empty casks
1906-01-03	35	 packages sundries
1906-01-03	567	 bags rice
1906-01-03	413	 packages vegetables
1906-01-03	16	 packages sundries
1906-01-03	400	 tons coal
1906-01-03	500	 cases petroleum
1906-01-03	700	 bags sugar
1906-01-03	370	 pieces marble
1906-01-03	000	 pieces wood
1906-01-03	719	 tons cotton
1906-01-03	20	 packages empty
1906-01-03	15	 packages sundries
1906-01-05	100	 cases wiskey
1906-01-05	44	 bales tobacco
1906-01-05	55	 cases beer
1906-01-05	16	 cases garlic
1906-01-05	24	 packages vegetables
1906-01-05	250	 bales cotton
1906-01-05	45	 packages sundries
1906-01-05	20	 packages sundries
1906-01-05	50	 bags rice
1906-01-05	21	 barrels anchovy
1906-01-05	10	 packages sundries
1906-01-05	3	 bags gum
1906-01-05	16	 packages sundries
1906-01-05	80	 cases eggs
1906-01-05	160	 bags almunds
1906-01-05	48	 bales empty
1906-01-05	207	 cases sugar
1906-01-05	7	 bales senna
1906-01-05	20	 cases tomatoes
1906-01-05	147	 bales skins
1906-01-05	30	 bales cloves
1906-01-05	9	 cases cigarettes
1906-01-05	10	 barrels old
1906-01-05	69	 cases eggs
1906-01-05	785	 bags rice
1906-01-05	33	 packages sundries
1906-01-05	15	 packages gum
1906-01-05	13	 bales senna
1906-01-05	61	 barrels cognac
1906-01-05	5	 packages sundries
1906-01-05	655	 tons cotton
1906-01-05	10	 bales senna
1906-01-05	11	 barrels grease
1906-01-05	9	 bales skins
1906-01-05	60	 bags gum
1906-01-05	198	 cages tomatoes
1906-01-05	29	 bales wax
1906-01-05	80	 cages tomatoes
1906-01-05	100	 empty casks
1906-01-05	480	 empty casks
1906-01-05	33	 cages tomatoes
1906-01-05	19	 bales skins
1906-01-05	12	 bales skins
1906-01-05	175	 cages tomatoes
1906-01-05	15	 bales skins
1906-01-05	40	 bags gum
1906-01-05	4	 cases dried
1906-01-05	5	 barrels salt
1906-01-05	5	 bales skins
1906-01-05	29	 bales skins
1906-01-05	2	 barrels fresh
1906-01-05	76	 packages sundries
1906-01-05	25	 bags oil
1906-01-05	87	 empty casks
1906-01-05	26	 barrels beer
1906-01-05	7	 packages sundries
1906-01-29	72	 packages vegetables
1906-01-29	62	 packages sundries
1906-01-29	1	 case sundries
1906-01-29	175	 bales rags
1906-01-29	25	 bales dry
1906-01-29	070	 bags oil
1906-01-29	145	 bags gum
1906-01-29	14	 packages sundries
1906-01-29	250	 cases eggs
1906-01-29	51	 empty casks
1906-01-29	176	 packages tobacco
1906-01-29	54	 packages mats
1906-01-29	725	 tons cotton
1906-01-29	000	 bags rice
1906-01-29	20	 bags tobacco
1906-01-29	120	 empty casks
1906-01-29	12	 packages sundries
1906-03-12	086	 bags oil
1906-03-12	653	 bags bones
1906-03-12	66	 bags caoutchouc
1906-03-12	58	 cases cigarettes
1906-03-12	224	 packages gum
1906-03-12	53	 packages senna
1906-03-12	60	 packages skins
1906-03-12	15	 packages palms
1906-03-12	97	 packages sundries
1906-03-12	107	 bags rice
1906-03-12	174	 bags henna
1906-03-12	547	 packages vegetables
1906-03-12	312	 packages sundries
1906-03-12	452	 bags rice
1906-03-12	45	 bas pepper
1906-03-12	421	 empty casks
1906-03-12	93	 packages skins
1906-03-12	10	 packages cotton
1906-03-12	33	 packages sundries
1906-03-12	3	 Packages Sundries
1906-03-12	31	 cases cigarettes
1906-03-12	1524	 empty casks
1906-03-12	016	 packages tomatoes
1906-03-12	94	 bales gum
1906-03-12	68	 packages senna
1906-03-12	6	 packages wax
1906-03-12	53	 packages sundries
1906-03-12	24	 barrels oil
1906-03-12	16	 packages iron
1906-03-12	10	 cases beer
1906-03-12	20	 bags dried
1906-03-12	62	 packages ironware
1906-03-12	21	 packages provisions
1906-03-12	20	 packages provisons
1906-03-12	16	 packages provisions
1906-03-12	140	 packages sundries
1906-03-12	80	 pieces marble
1906-03-13	107	 bags rice
1906-03-13	174	 bags henna
1906-03-13	547	 packages vegetables
1906-03-13	312	 packages sundries
1906-03-13	452	 bags rice
1906-03-13	45	 bas pepper
1906-03-13	421	 empty casks
1906-03-13	93	 packages skins
1906-03-13	10	 packages cotton
1906-03-13	33	 packages sundries
1906-03-13	3	 Packages Sundries
1906-03-13	31	 cases cigarettes
1906-03-13	1524	 empty casks
1906-03-13	016	 packages tomatoes
1906-03-13	94	 bales gum
1906-03-13	68	 packages senna
1906-03-13	6	 packages wax
1906-03-13	53	 packages sundries
1906-03-13	24	 barrels oil
1906-03-13	16	 packages iron
1906-03-13	10	 cases beer
1906-03-13	20	 bags dried
1906-03-13	62	 packages ironware
1906-03-13	21	 packages provisions
1906-03-13	20	 packages provisons
1906-03-13	16	 packages provisions
1906-03-13	140	 packages sundries
1906-03-13	80	 pieces marble
1906-03-14	086	 bags oil
1906-03-14	653	 bags bones
1906-03-14	66	 bags caoutchouc
1906-03-14	58	 cases cigarettes
1906-03-14	224	 packages gum
1906-03-14	53	 packages senna
1906-03-14	60	 packages skins
1906-03-14	15	 packages palms
1906-03-14	97	 packages sundries
1906-03-14	107	 bags rice
1906-03-14	174	 bags henna
1906-03-14	547	 packages vegetables
1906-03-14	312	 packages sundries
1906-03-14	452	 bags rice
1906-03-14	45	 bas pepper
1906-03-14	421	 empty casks
1906-03-14	93	 packages skins
1906-03-14	10	 packages cotton
1906-03-14	33	 packages sundries
1906-03-14	3	 Packages Sundries
1906-03-14	31	 cases cigarettes
1906-03-14	1524	 empty casks
1906-03-14	016	 packages tomatoes
1906-03-14	94	 bales gum
1906-03-14	68	 packages senna
1906-03-14	6	 packages wax
1906-03-14	53	 packages sundries
1906-03-14	24	 barrels oil
1906-03-14	16	 packages iron
1906-03-14	10	 cases beer
1906-03-14	20	 bags dried
1906-03-14	62	 packages ironware
1906-03-14	21	 packages provisions
1906-03-14	20	 packages provisons
1906-03-14	16	 packages provisions
1906-03-14	140	 packages sundries
1906-03-14	80	 pieces marble
1906-04-26	33	 bales senna
1906-04-26	9	 packages old
1906-04-26	16	 bales skins
1906-04-26	200	 bags onions
1906-04-26	300	 bags onions
1906-04-26	350	 packages tomatoes
1906-04-26	550	 bags onions
1906-04-26	180	 bags rice
1906-04-26	900	 bags onions
1906-04-26	126	 packages sundries
1906-04-26	50	 bales cotton
1906-04-26	38	 bales cotton
1906-04-26	15	 bales cotton
1906-04-26	50	 bales cotton
1906-04-26	100	 bales cotton
1906-04-26	36	 casks cognac
1906-04-26	19	 packages sundries
1906-04-26	6	 cases cigarettes
1906-04-26	74	 crates tomatoes
1906-04-26	10	 packages vegetables
1906-04-26	13	 bags wax
1906-04-26	6	 cases cigarettes
1906-04-26	122	 crates tomatoes
1906-04-26	15	 bales wax
1906-04-26	64	 crates tomatoes
1906-04-26	26	 barrels fresh
1906-04-26	5	 cases cigarettes
1906-04-26	384	 crates tomatoes
1906-04-26	15	 packages sundries
1906-04-26	7	 packages sundries
1906-05-08	126	 empty casks
1906-05-08	41	 packages sundries
1906-05-09	385	 tons cotton
1906-05-09	455	 abgs onions
1906-05-09	200	 bags onions
1906-05-09	4	 cases cigarettes
1906-05-09	135	 casks beer
1906-05-09	133	 empty casks
1906-05-09	58	 bales wool
1906-05-09	72	 bales wool
1906-05-09	492	 bags lin
1906-05-09	68	 bags dari
1906-05-09	69	 boxes oranges
1906-05-09	50	 bales loose
1906-05-09	126	 bafgs oil
1906-05-09	6	 cases cigarettes
1906-05-09	1	 case cigarettes
1906-05-09	1	 case cigarettes
1906-05-09	4	 packages samples
1906-05-09	27	 empty barrels
1906-05-09	2	 trunks effects
1906-05-09	5	 trunks effects
1906-05-09	3	 live horses
1906-05-09	1	 live horse
1906-05-09	1	 case motor
1906-05-09	1	 package effects
1906-05-09	2	 packages effects
1906-05-09	1	 case carpets
1906-05-09	9	 packages sundries
1906-05-09	60	 bales hides
1906-05-09	19	 bales skins
1906-05-09	6	 bales wool
1906-05-09	171	 bags onions
1906-05-09	183	 bags oil
1906-05-09	13	 cases cigarettes
1906-05-09	65	 packages horns
1906-05-09	47	 packages gum
1906-05-09	12	 packags senna
1906-05-09	41	 packages sundries
1906-05-09	049	 bags onions
1906-05-09	030	 bags rice
1906-05-09	61	 bags henna
1906-05-09	60	 cases sugar
1906-05-09	32	 packages sundries
1906-05-09	179	 packages sundries
1906-05-16	6	 bales senna
1906-05-16	54	 cases cigarettes
1906-05-16	13	 packages furniture
1906-05-16	4	 bales skins
1906-05-16	350	 empty casks
1906-05-16	69	 bales skins
1906-05-16	324	 empty casks
1906-05-16	480	 empty casks
1906-05-16	205	 empty casks
1906-05-16	122	 empty casks
1906-05-16	330	 empty casks
1906-05-16	27	 packages sundries
1906-05-16	756	 tons cotton
1906-05-16	730	 tons cotton
1906-05-16	730	 tons cotton
1906-05-17	4	 cases cigarettes
1906-05-22	48	 bales skins
1906-05-22	395	 bags rice
1906-05-22	62	 empty casks
1906-05-22	6	 packages sundries
1906-05-22	201	 tons cotton
1906-05-22	24	 bags gum
1906-05-22	88	 empty casks
1906-05-22	40	 bags bones
1906-05-22	14	 packages sundries
1906-05-22	971	 bags onions
1906-05-22	529	 bags bones
1906-05-22	365	 tons cotton
1906-05-22	69	 crates quails
1906-05-23	450	 bags rice
1906-05-23	50	 bags sugar
1906-05-23	20	 bags beans
1906-05-23	28	 bales wool
1906-05-23	920	 empty casks
1906-05-23	89	 packages sundries
1906-05-23	6	 packages sundries
1906-05-23	400	 bags onions
1906-05-23	26	 packages sundries
1906-05-23	800	 baskets tomatoes
1906-05-23	300	 bags onions
1906-05-23	231	 bags garlic
1906-05-23	750	 baskets tomatoes
1906-05-23	250	 bags onions
1906-05-23	97	 packages sundries
1906-05-23	200	 bags rice
1906-05-23	62	 bales cotton
1906-05-23	626	 packages sundries
1906-05-23	100	 casks oil
1906-05-23	270	 bags beans
1906-05-23	14	 cases cigarettes
1906-05-23	109	 packages sundries
1906-05-23	40	 barrels molasses
1906-05-23	5	 packages sundries
1906-05-29	22	 bales skin
1906-05-29	15	 bales cotton
1906-05-29	200	 bags rice
1906-05-29	17	 bags gum
1906-05-29	66	 packages sundries
1906-05-29	40	 bags beans
1906-05-29	300	 bags rice
1906-05-29	30	 cases butter
1906-05-29	563	 empty barrels
1906-05-29	235	 packages sundries
1906-05-29	352	 bales cotton
1906-05-29	200	 lumps wood
1906-05-29	30	 bales empty
1906-05-29	270	 bags coffee
1906-05-29	973	 bags rice
1906-05-29	95	 bags kidney
1906-05-29	15	 cases soap
1906-05-29	60	 cases cognac
1906-05-29	11	 cases cigarettes
1906-05-29	19	 empty barrels
1906-05-29	021	 packages sundries
1906-05-29	230	 packages sundries
1906-05-29	212	 bales skin
1906-05-29	450	 bags rice
1906-05-29	350	 bags henna
1906-05-29	185	 empty barrels
1906-05-29	6	 packages sundries
1906-05-31	437	 bags oil
1906-05-31	198	 bags gum
1906-05-31	000	 barrels molasses
1906-05-31	160	 crates quails
1906-06-04	336	 bales cotton
1906-06-04	155	 baskets tomatoes
1906-06-04	11	 bags henna
1906-07-12	272	 bags oil
1906-07-12	576	 bags bones
1906-07-12	163	 bags rice
1906-07-12	53	 oases cigarettes
1906-07-12	25	 bales wool
1906-07-12	203	 bales skiD
1906-07-12	40	 bags gum
1906-07-12	203	 packages sundries
1906-07-12	200	 tons cotton
1906-07-12	869	 bags bones
1906-07-12	21	 empty barrels
1906-07-17	88	 cases cigarettes
1906-07-17	898	 bags onions
1906-07-17	95	 bales henna
1906-07-17	89	 barrels fishes
1906-07-17	196	 bales skin
1906-07-17	41	 packages sundries
1906-07-17	89	 bales tobacco
1906-07-17	69	 bales skin
1906-07-17	60	 bales henna
1906-07-19	201	 paokagos sundries
1906-07-19	565	 bags rice
1906-07-19	22	 empty barrels
1906-07-19	54	 cases tea
1906-07-19	0	 water melons
1906-07-19	39	 packages sundries
1906-07-19	20	 bales skin
1906-07-19	185	 bags rice
1906-07-19	15	 bales flour
1906-07-19	31	 empty barrels
1906-07-19	62	 bales cotton
1906-07-19	10	 bags gnm
1906-07-19	185	 paokages sundries
1906-07-19	32	 bales carpets
1906-07-19	35	 bales empty
1906-07-19	150	 bags rioe
1906-07-19	538	 bales ootton
1906-07-19	100	 bales ootton
1906-07-19	100	 bags natron
1906-07-19	130	 bags sugar
1906-07-19	60	 barrels oil
1906-07-19	99	 bales skin
1906-07-19	151	 bales henna
1906-07-19	640	 bags rioe
1906-07-19	10	 barrels oolonr
1906-07-19	27	 paokages sundries
1906-07-19	149	 tons ootton
1906-07-19	987	 bags oil
1906-07-19	500	 bags sugar
1906-07-19	321	 barrels oolonr
1906-07-19	504	 empty barrelr
1906-07-19	7	 cases cigarettes
1906-07-19	135	 bags skin
1906-07-19	58	 bags gnm
1906-07-19	34	 packages sundries
1906-07-19	15	 bales skin
1906-07-19	797	 bags rice
1906-07-19	160	 bags ooffee
1906-07-19	7	 oases cigarettei
1906-07-19	215	 empty barrels
1906-07-19	305	 barrels colour
1906-07-19	593	 packages sundries
1906-07-19	264	 bags skin
1906-07-19	20	 bales empty
1906-07-19	287	 bags rioe
1906-07-19	48	 empty barrels
1906-07-19	85	 packages aondries
1906-07-20	118	 bags skin
1906-07-20	45	 bales senna
1906-07-20	16	 bags gum
1906-07-20	080	 tons cotton
1906-07-20	000	 bags sugar
1906-07-20	200	 empty bottles
1906-07-20	144	 packages sundries
1906-07-20	102	 bales skin
1906-07-20	6	 oases oigarettej
1906-07-20	569	 empty barrels
1906-07-20	000	 packages sundries
1906-07-20	163	 barrels beer
1906-07-20	63	 packages sont
1906-07-20	500	 empty barrels
1906-07-20	600	 tons ootton
1906-07-20	4	 packages sundries
1906-08-27	24	 bales skins
1906-08-27	230	 bags rice
1906-08-27	32	 bags henna
1906-08-27	168	 bales cotton
1906-08-27	256	 bales wool
1906-08-27	413	 bales wool
1906-08-27	8	 bales wool
1906-08-27	250	 bags oil
1906-08-27	200	 tons cotton
1906-08-27	100	 barrels molasses
1906-08-27	220	 bags beans
1906-08-27	123	 bags gum
1906-08-27	205	 bales skins
1906-08-27	25	 bags senna
1906-08-27	135	 bags senna
1906-08-27	233	 old brass
1906-08-27	67	 bags hoofs
1906-08-27	36	 bales bags
1906-08-27	324	 bags grain
1906-08-27	466	 bags grain
1906-08-27	31	 bags wax
1906-08-27	127	 bales wool
1906-08-27	44	 bales lamb
1906-08-27	1	 case beer
1906-08-27	1	 case eurios
1906-08-27	2	 cases merchandise
1906-08-27	40	 bales sundries
1906-08-27	1	 case boots
1906-08-27	2	 cases old
1906-08-27	7	 bags gum
1906-08-27	6	 packages sundries
1906-08-27	4	 barrels old
1906-08-27	1	 case empty
1906-08-27	1	 bales cotton
1906-08-27	1	 case typewriter
1906-08-27	17	 packages sundries
1906-08-27	1	 iron wheel
1906-08-27	2	 cases glassware
1906-08-27	257	 bales cotton
1906-08-27	100	 bags black
1906-08-27	100	 empty casks
1906-08-27	112	 bales empty
1906-08-27	63	 bales skins
1906-08-27	8	 bales manufacture
1906-08-27	450	 bags rice
1906-08-27	20	 bags Sudan
1906-08-27	13	 cases preserves
1906-08-27	0	 barrels alcohol
1906-08-27	586	 empty casks
1906-08-27	8	 packages sundries
1906-08-27	67	 bales empty
1906-08-27	352	 bags rice
1906-08-27	662	 bags coffee
1906-08-27	40	 bags flour
1906-08-27	100	 bags sugar
1906-08-27	21	 cases furniture
1906-08-27	4	 cases cigarettes
1906-08-27	12	 casks oil
1906-08-27	224	 packages sundries
1906-08-27	151	 packages sundries
1906-08-28	54	 empty casks
1906-08-28	15	 packages palms
1906-08-28	19	 packages sundries
1906-08-28	200	 bales cotton
1906-08-28	6	 packages sundries
1906-08-28	40	 bags rice
1906-08-28	67	 empty bags
1906-08-28	2	 cases books
1906-08-28	700	 bales cotton
1906-08-28	400	 bags oil
1906-08-28	322	 bags grain
1906-08-28	19	 bags gum
1906-08-28	476	 bags bones
1906-08-28	152	 bales rags
1906-08-28	37	 bales fleshings
1906-08-28	25	 bags senna
1906-08-28	155	 bales wool
1906-08-28	15	 bales skins
1906-08-28	25	 barrels brandy
1906-08-28	14	 packages sundries
1906-08-28	10	 cakes salted
1906-08-28	16	 packages old
1906-08-28	14	 packages sundries
1906-08-28	46	 fardes gum
1906-08-28	12	 cases automatic
1906-08-28	77	 bales gum
1906-08-28	4	 packages sundries
1906-08-28	81	 bales cotton
1906-08-29	420	 bags oil
1906-08-29	961	 bags oil
1906-08-29	37	 bales dry
1906-08-29	109	 bales dry
1906-08-29	25	 bales dry
1906-08-29	70	 bales d
1906-08-29	50	 barrels molasses
1906-08-29	300	 barrels cotton
1906-08-29	765	 empty casks
1906-08-29	3	 packages sundries
1906-08-29	17	 barrels old
1906-08-29	260	 cases empty
1906-08-29	33	 cases horns
1906-08-29	1	 case effects
1906-08-29	5	 cases ostrich
1906-08-29	7	 packages ivory
1906-08-29	6	 cases typewriters
1906-08-29	23	 packages effects
1906-08-29	5	 bales senna
1906-08-29	5	 packages ivory
1906-08-29	2	 cases motor
1906-08-29	6	 cases cigarettes
1906-08-29	1	 case typewriter
1906-08-29	17	 empty cylinders
1906-08-29	2	 cases furniture
1906-08-29	4	 bales wool
1906-08-29	2	 bales carpets
1906-08-29	6	 packages effects
1906-08-29	133	 bags lin
1906-08-29	6	 bales tobacco
1906-08-29	1	 case cigarettes
1906-08-29	551	 bags rice
1906-08-29	10	 bags Sudan
1906-08-29	7	 packages pistachios
1906-08-29	17	 packages henna
1906-08-29	7	 packages empty
1906-08-29	19	 packages sundries
1906-08-29	800	 packages sundries
1906-08-29	20	 packsgss sundries
1906-08-29	88	 cases sugar
1906-08-29	38	 packages old
1906-08-29	4	 packages old
1906-08-29	12	 casks wool
1906-08-29	30	 bales empty
1906-08-29	45	 paokages sundries
1906-08-29	31	 bales cotton
1906-08-29	16	 fards gam
1906-08-29	5	 packages sundries
1906-08-29	16	 bales skins
1906-08-29	759	 bags rice
1906-08-29	112	 cases glassware
1906-08-29	3	 cases wine
1906-08-29	29	 empty casks
1906-08-31	196	 empty casks
1906-08-31	428	 empty casks
1906-08-31	989	 empty casks
1906-08-31	10	 bales carpets
1906-08-31	91	 packages cedrats
1906-08-31	375	 empty casks
1906-08-31	380	 empty casks
1906-08-31	30	 cafas fresh
1906-08-31	20	 bales skins
1906-08-31	81	 empty casks
1906-08-31	45	 cafas fresh
1906-08-31	15	 bales skins
1906-08-31	39	 cages frsh
1906-08-31	26	 cages fresh
1906-08-31	5	 cases cigarettes
1906-08-31	6	 casks fresh
1906-08-31	71	 packages sundries
1906-08-31	97	 bales skins
1906-08-31	40	 bales cotton
1906-08-31	64	 bales empty
1906-08-31	10	 bags peas
1906-08-31	22	 bales manufactures
1906-08-31	1	 case cigarattes
1906-08-31	175	 empty casks
1906-08-31	17	 packages empties
1906-08-31	40	 bags Sudan
1906-08-31	6	 cases manufactures
1906-08-31	50	 packages empty
1906-08-31	40	 packages empty
1906-08-31	137	 empty casks
1906-08-31	262	 packages sundries
1906-08-31	110	 bales cotton
1906-08-31	550	 bags oil
1906-08-31	88	 bags gum
1906-08-31	758	 tons cotton
1906-08-31	30	 bales empty
1906-08-31	200	 bags sugar
1906-08-31	74	 casks beer
1906-08-31	17	 packages sundries
1906-08-31	2	 bales cotton
1906-08-31	54	 bales tobacco
1906-08-31	15	 bales empty
1906-08-31	328	 bags rice
1906-08-31	76	 bags figs
1906-08-31	65	 bags Sudan
1906-08-31	212	 bags soap
1906-08-31	6	 cases ironmongery
1906-08-31	30	 cases soap
1906-08-31	5	 cases cigarettes
1906-08-31	46	 bales skins
1906-08-31	26	 packages vegetables
1906-08-31	20	 empty casks
1906-09-06	30	 bags cotton
1906-09-06	36	 packages palms
1906-09-06	40	 bags rice
1906-09-06	8	 cases furniture
1906-09-06	8	 cases books
1906-09-06	10	 bales leather
1906-09-06	87	 empty casks
1906-09-06	80	 packages sundries
1906-09-06	50	 barrels oil
1906-09-06	55	 bales skins
1906-09-06	82	 cases sugar
1906-09-06	53	 bales empty
1906-09-06	12	 bales empty
1906-09-06	12	 bales skins
1906-09-06	18	 packages sundries
1906-09-06	25	 packages sundried
1906-09-06	11	 cases cedrats
1906-09-06	44	 cases cedrats
1906-09-06	10	 cakes grease
1906-09-06	15	 bales skins
1906-09-06	26	 bales gum
1906-09-06	215	 empty cakes
1906-09-06	430	 empty casks
1906-09-06	97	 cafas fresh
1906-09-06	55	 cafas fresh
1906-09-06	50	 cafas fresh
1906-09-06	113	 empty casks
1906-09-06	105	 cafas fresh
1906-09-06	10	 cases and
1906-09-06	34	 bales skins
1906-09-06	50	 cafas fresh
1906-09-06	5	 bales skins
1906-09-06	5	 cases furniture
1906-09-06	30	 cafas fresh
1906-09-06	5	 casks fresh
1906-09-06	22	 packages sundries
1906-09-06	70	 empty casks
1906-09-06	17	 packages sundries
1906-09-06	677	 bales cotton
1906-09-06	15	 empty casks
1906-09-06	56	 bags drugs
1906-09-06	100	 packages sundries
1906-09-06	250	 bags rice
1906-09-06	300	 bags sugar
1906-09-06	130	 bales skins
1906-09-06	45	 bales skins
1906-09-06	135	 bags coffe
1906-09-06	120	 bags rice
1906-09-06	225	 bags sugar
1906-09-06	4	 cases cigarettes
1906-09-06	76	 packages vege
1906-09-06	54	 pieces iron
1906-09-06	397	 packages sundreis
1906-09-06	100	 bales skins
1906-09-06	620	 bags rice
1906-09-06	9	 cases thread
1906-09-06	433	 empty casks
1906-09-06	188	 packages sundries
1906-09-27	422	 empty casks
1906-09-27	905	 empty casks
1906-09-27	320	 empty casks
1906-09-27	200	 empty casks
1906-09-27	18	 bales skins
1906-09-27	206	 empty casks
1906-09-27	17	 bales gum
1906-09-27	78	 crates palms
1906-09-27	56	 crates palms
1906-09-27	320	 empty casks
1906-09-27	51	 crates palms
1906-09-27	44	 bales waste
1906-09-27	23	 crates palms
1906-09-27	5	 barrels fresh
1906-09-27	14	 bales skins
1906-09-27	45	 crates palms
1906-09-27	23	 packages sundries
1906-09-27	21	 bags oil
1906-09-27	5	 packages dates
1906-09-27	9	 packages dates
1906-09-27	5	 cases cigarettes
1906-09-27	1	 case cigarettes
1906-09-27	50	 bags henna
1906-09-27	6	 bags henna
1906-09-27	200	 bales cotton
1906-09-27	193	 bags coffee
1906-09-27	149	 bags sugar
1906-09-27	870	 bags rice
1906-09-27	184	 bags henna
1906-09-27	22	 empty casks
1906-09-27	14	 packages skins
1906-09-27	31	 packages vegetables
1906-09-27	152	 packages sundries
1906-09-27	164	 casks beer
1906-09-27	5	 bags seed
1906-10-01	24	 bales waste
1906-10-01	3	 bales tabacco
1906-10-01	800	 tons cotton
1906-10-01	60	 bales cotton
1906-10-01	21	 bales waste
1906-10-01	18	 bales wax
1906-10-01	17	 bales cotton
1906-10-01	415	 bales cotton
1906-10-01	190	 bales cotton
1906-10-01	192	 bales cotton
1906-10-01	17	 packages empty
1906-10-01	170	 empty casks
1906-10-01	005	 bags oil
1906-10-01	36	 packages empty
1906-10-01	6	 bags gum
1906-10-01	8	 packages sundries
1906-10-01	2	 cases effects
1906-10-01	054	 bags oil
1906-10-01	323	 bags oil
1906-10-01	10	 bags cotton
1906-10-01	30	 empty casks
1906-10-01	28	 packages henna
1906-10-01	7	 packages skins
1906-10-01	4	 packages sundries
1906-10-01	106	 bales cotton
1906-10-01	506	 bales cotton
1906-10-01	20	 bales cotton
1906-10-01	195	 packages sundries
1906-10-01	545	 tons molasses
1906-10-01	24	 bales tissues
1906-10-01	5	 bales manufacture
1906-10-01	17	 packages sundries
1906-10-01	9	 cases stuffs
1906-10-01	5	 packages carpets
1906-10-01	8	 bags saidi
1906-10-01	7	 packages manufacture
1906-10-01	20	 bags rice
1906-10-01	19	 bales tissues
1906-10-01	24	 packages old
1906-10-01	5	 packages sundries
1906-10-01	31	 bales cotton
1906-10-01	782	 bales cotton
1907-04-02	500	 bags rice
1907-04-02	16	 bags wheat
1907-04-02	21	 bags wheat
1907-04-02	36	 packages ivory
1907-04-02	26	 packages ivory
1907-04-02	35	 packages ivory
1907-04-02	35	 packages live
1907-04-02	70	 packages live
1907-04-02	230	 cases empty
1907-04-02	397	 empty casks
1907-04-02	47	 packages sundries
